docId, #sentences, our method, baseline
784091, 13, 7.666666666666667, 4.666666666666667
303476, 7, 6.0, 4.0
1088737, 19, 10.333333333333334, 9.0
796942, 19, 7.666666666666667, 6.0
1052723, 9, 4.0, 4.666666666666667
250230, 17, 6.666666666666667, 6.0
378031, 30, 9.0, 5.666666666666667
149560, 8, 4.666666666666667, 4.0
1106190, 18, 6.0, 4.333333333333333
893234, 12, 4.666666666666667, 4.666666666666667
